Topic,Count,Name,Representation,MMR,Representative_Docs
0,78,0_омтс_нач_кг_служебная,"['омтс', 'нач', 'кг', 'служебная', 'записка', 'закупка', 'от', 'бухгалтеру', 'для', 'срочно']","['нач омтс', 'омтс', 'от нач', 'нач', 'кг', 'закупка', 'требуется закупка', 'служебная записка', 'служебная', 'записка', 'для', 'бухгалтеру', 'бухгалтеру от', 'главному бухгалтеру', 'омтс прошу', 'срочно требуется', 'срочно', 'от', 'выделить', 'прошу выделить', 'требуется', 'средства', 'средства на', 'омтс от', 'прошу', 'литров', 'участка', 'выделить денежные', 'денежные средства', 'денежные']","['СЛУЖЕБНАЯ ЗАПИСКА. Главному бухгалтеру. От нач. ОМТС. Прошу выделить денежные средства в размере руб. на приобретение измерительного инструмента (микрометры, штангенциркули) для нужд цеха №1.', 'СЛУЖЕБНАЯ ЗАПИСКА. Главному бухгалтеру. От нач. ОМТС. Прошу выделить денежные средства на оплату счета №112 за приобретение 100 литров СОЖ марки Blaser для работы на высокоскоростных станках ЧПУ.', 'СЛУЖЕБНАЯ ЗАПИСКА. Главному бухгалтеру. От нач. ОМТС. Прошу выделить денежные средства на оплату счета №99 за приобретение 100 метров кабеля КГ 4х10 для подключения передвижных сварочных агрегатов.']"
1,44,1_ит_1с_директору_бухгалтерии,"['ит', '1с', 'директору', 'бухгалтерии', 'прошу', 'по', 'пдо', 'служебная', 'настроить', 'записка']","['по ит', 'ит от', 'ит', 'записка директору', 'директору по', 'директору', 'бухгалтерии', 'пдо прошу', 'прошу', 'от нач', 'нач бухгалтерии', 'бухгалтерии прошу', 'нач пдо', 'пдо', 'по', 'прошу настроить', 'настроить', 'служебная', 'служебная записка', 'записка', 'нач', 'доступ', 'для', 'системе', 'прошу предоставить', 'от', 'отдела', 'прошу приобрести', 'приобрести', 'автоматизации']","[""СЛУЖЕБНАЯ ЗАПИСКА. Директору по ИТ. От нач. отдела кадров. Прошу приобрести дополнительный модуль 'Подбор персонала' для системы 1С в целях автоматизации процесса обработки резюме кандидатов."", ""СЛУЖЕБНАЯ ЗАПИСКА. Директору по ИТ. От нач. отдела кадров. Прошу приобрести дополнительный модуль 'Подбор персонала' для системы 1С в целях автоматизации процесса обработки резюме."", ""СЛУЖЕБНАЯ ЗАПИСКА. Директору по ИТ. От нач. отдела кадров. Прошу приобрести дополнительный модуль 'Подбор персонала' для системы 1С в целях автоматизации процесса обработки резюме.""]"
2,42,2_за_назначить_ответственным_назначении,"['за', 'назначить', 'ответственным', 'назначении', 'ответственного', 'исправное', 'состояние', 'закреплении', 'ответственных', 'систем']","['за', 'назначить', 'ответственным за', 'ответственным', 'приказ назначении', 'назначении', 'назначении ответственного', 'ответственного за', 'ответственного', 'исправное', 'исправное состояние', 'состояние', 'за исправное', 'назначить мастера', 'назначении ответственных', 'ответственных за', 'закреплении', 'приказ закреплении', 'систем', 'ответственных', 'приказ', 'за проверку', 'закрепить', 'эксплуатацию', 'механика', 'службой', 'за содержание', 'содержание', 'мастера', 'состояние систем']","['ПРИКАЗ №1805. О назначении ответственных за содержание и эксплуатацию систем вентиляции в цехе №4. Назначить мастера участка Сидорова П.А. ответственным за своевременную очистку пылеулавливающих агрегатов и замену фильтров.', 'ПРИКАЗ №1830. О назначении ответственного за исправное состояние систем пожаротушения в электрощитовых. Назначить главного энергетика Соколова И.М. ответственным за проверку модулей газового пожаротушения.', 'ПРИКАЗ №1630. О назначении ответственного за исправное состояние систем пожаротушения в электрощитовых. Назначить главного энергетика Соколова И.М. ответственным за проверку модулей газового пожаротушения и ведение журналов.']"
3,43,3_комиссию_инвентаризации_проведении_срок,"['комиссию', 'инвентаризации', 'проведении', 'срок', 'создать', 'предоставления', 'приказ', 'комиссии', '11', 'внутреннего']","['комиссию', 'инвентаризации', 'создать', 'комиссию для', 'приказ проведении', 'создать комиссию', 'проведении', 'проведении инвентаризации', 'срок', 'срок предоставления', 'предоставления', 'комиссии', 'приказ', 'наличия', 'предоставления отчета', 'проведении внутреннего', 'внутреннего аудита', 'отчета', 'внутреннего', 'остатков', 'аудита', 'проверить', 'для сверки', 'аудита системы', 'для проверки', 'сверки', 'инструмента', 'комиссии по', 'составе', 'председатель']","['ПРИКАЗ №820. О проведении инвентаризации инструмента на центральном складе. Создать комиссию в составе: бух. Иванова, нач. склада Петров, инженер Сидоров. Срок проведения — с 20.11 по 25.11.', 'ПРИКАЗ №1820. О проведении инвентаризации остатков сварочной проволоки и электродов. Создать комиссию для сверки фактических остатков на складах цехов №1 и №3 с данными бухгалтерского учета. Срок предоставления ведомостей — 20.11.', 'ПРИКАЗ №1620. О проведении инвентаризации остатков сварочной проволоки и электродов. Создать комиссию для сверки фактических остатков на складах цехов №1 и №3 с данными бухгалтерского учета. Срок предоставления ведомостей — 20.11.']"
4,42,4_производству_строя_инженеру_сообщаю,"['производству', 'строя', 'инженеру', 'сообщаю', 'служебная', 'требуется', 'записка', 'выходе', 'от', 'станка']","['инженеру от', 'главному инженеру', 'инженеру', 'строя', 'из строя', 'требуется', 'сообщаю', 'записка главному', 'по производству', 'производству', 'производству от', 'выходе', 'выходе из', 'главному', 'станка', 'из', 'замена', 'инв', 'инв требуется', 'служебная записка', 'служебная', 'записка', 'закупка', 'сообщаю выходе', 'информирую', 'участка', 'цеха', 'от', 'от нач', 'нач участка']","['СЛУЖЕБНАЯ ЗАПИСКА. Главному инженеру. От нач. ремонтного участка. Сообщаю о критическом износе направляющих станка мод. 1М63 (инв. №12). Требуется проведение капитального ремонта.', 'СЛУЖЕБНАЯ ЗАПИСКА. Главному инженеру. От нач. инструментального цеха. Сообщаю о выходе из строя заточного станка. Требуется закупка алмазных кругов и замена шпиндельного узла. Ремонт силами цеха невозможен.', 'СЛУЖЕБНАЯ ЗАПИСКА. Главному инженеру. От нач. инструментального цеха. Сообщаю о выходе из строя заточного станка. Требуется закупка алмазных кругов и замена шпиндельного узла. Ремонт силами цеха невозможен.']"
5,33,5_выплатить_премию_премировании_за,"['выплатить', 'премию', 'премировании', 'за', 'списку', 'итогам', 'поощрении', 'согласно', 'размере', 'приказ']","['выплатить', 'премию', 'премировании', 'приказ премировании', 'премировании за', 'за', 'списку', 'по итогам', 'выплатить премию', 'итогам', 'списку приказ', 'согласно', 'согласно списку', 'размере', 'поощрении', 'приказ поощрении', 'премию размере', 'приказ', 'приказ награждении', 'награждении', 'вознаграждение', 'снижение', 'по результатам', 'результатам', 'сотрудников за', 'поощрении за', 'добросовестный труд', 'премировать', 'добросовестный', 'труд']","['ПРИКАЗ №1635. О премировании за высокое качество сварных соединений по результатам УЗК. По итогам проверки партии сосудов (заказ №405), дефектов не обнаружено. Премировать сварщиков согласно приложенному списку.', 'ПРИКАЗ №1235. О премировании за экономию материалов. По итогам квартала на заготовительном участке достигнуто снижение отходов листового проката на 8%. Выплатить бригаде премию согласно списку.', 'ПРИКАЗ №835. О премировании за экономию материалов. По итогам квартала на заготовительном участке достигнуто снижение отходов листового проката на 8%. Выплатить бригаде премию согласно списку.']"
6,32,6_кадров_разряда_персоналу_кандидатуру,"['кадров', 'разряда', 'персоналу', 'кандидатуру', 'токаря', 'цеха', 'рассмотреть', 'прошу', 'слесаря', 'нач']","['кадров от', 'цеха прошу', 'кадров', 'нач цеха', 'отдела кадров', 'нач отдела', 'персоналу от', 'по персоналу', 'прошу рассмотреть', 'разряда', 'персоналу', 'токаря', 'рассмотреть кандидатуру', 'кандидатуру', 'рассмотреть', 'цеха', 'прошу', 'слесаря', 'отдела', 'участка прошу', 'иванова', 'нач', 'записка нач', 'мастера', 'от мастера', 'записка', 'кандидатуру токаря', 'служебная', 'служебная записка', 'связи']","['СЛУЖЕБНАЯ ЗАПИСКА. Директору по персоналу. От мастера мех. участка. Прошу рассмотреть кандидатуру токаря Иванова В.С. на получение 5-го разряда. Теоретический экзамен и пробная работа сданы успешно.', 'СЛУЖЕБНАЯ ЗАПИСКА. Директору по персоналу. От мастера мех. участка. Прошу рассмотреть кандидатуру токаря Петрова С.А. на получение 4-го разряда в связи с успешным освоением обработки нержавеющих сталей на станках с ЧПУ.', 'СЛУЖЕБНАЯ ЗАПИСКА. Директору по персоналу. От мастера мех. участка. Прошу рассмотреть кандидатуру токаря Петрова С.А. на получение 4-го разряда в связи с успешным освоением обработки нержавеющих сталей.']"
7,41,7_исходящее_письмо_эко_просим,"['исходящее', 'письмо', 'эко', 'просим', 'управления', 'адрес', 'руководителю', 'направляем', 'росприроднадзора', 'ооо']","['эко', 'ооо эко', 'письмо', 'исходящее письмо', 'исходящее', 'руководителю ооо', 'письмо руководителю', 'руководителю', 'управления', 'росприроднадзора направляем', 'росприроднадзора', 'управления росприроднадзора', 'письмо адрес', 'адрес', 'ооо', 'просим', 'направляем', 'адрес управления', 'отчет', 'просим провести', 'отходов', 'провести замеры', 'веществ', 'лимитов', 'направляем отчет', 'квартал года', 'зоны', 'за квартал', 'нарушений', 'регионального']","[""ИСХОДЯЩЕЕ ПИСЬМО. Руководителю ООО 'Эко-Мониторинг'. Просим провести замеры концентрации вредных веществ в воздухе рабочей зоны на участке пайки в связи с модернизацией системы местной вытяжной вентиляции."", 'ИСХОДЯЩЕЕ ПИСЬМО. В адрес регионального управления Росприроднадзора. Направляем отчет по форме 2-ТП (отходы) за III квартал 2023 года. Нарушений установленных лимитов размещения промышленных отходов не выявлено.', 'ИСХОДЯЩЕЕ ПИСЬМО. В адрес регионального управления Росприроднадзора. Направляем отчет по форме 2-ТП (отходы) за III квартал 2023 года. Нарушений установленных лимитов размещения промышленных отходов не выявлено.']"
8,29,8_юридического_отдела_менеджера_ооо,"['юридического', 'отдела', 'менеджера', 'ооо', 'подготовить', 'юридический', 'проект', 'прошу', 'отдел', 'договору']","['отдела', 'юридического отдела', 'юридического', 'нач юридического', 'ооо', 'прошу подготовить', 'отдела от', 'подготовить', 'менеджера', 'менеджера по', 'от менеджера', 'от отдела', 'отдел от', 'юридический', 'юридический отдел', 'записка юридический', 'прошу проверить', 'прошу', 'подготовить проект', 'проект', 'записка нач', 'отдел', 'закупкам прошу', 'договору', 'отдела сбыта', 'сбыта прошу', 'сбыта', 'проверить', 'соглашения', 'служебная']","[""СЛУЖЕБНАЯ ЗАПИСКА. Нач. юридического отдела. От менеджера по закупкам. Прошу проверить юридическую чистоту правоустанавливающих документов нового поставщика инструмента ООО 'Резец' перед подписанием контракта."", ""СЛУЖЕБНАЯ ЗАПИСКА. Нач. юридического отдела. От менеджера по закупкам. Прошу подготовить проект дополнительного соглашения с ООО 'ПромСталь' о возможности оплаты товара векселями предприятия."", ""СЛУЖЕБНАЯ ЗАПИСКА. В юридический отдел. От отдела сбыта. Прошу подготовить проект дополнительного соглашения к договору с ООО 'ПромТех' об изменении банковских реквизитов нашей организации.""]"
9,29,9_охраны_разрешить_начальнику_номер,"['охраны', 'разрешить', 'начальнику', 'номер', 'ит', 'автомобиля', 'нач', 'выезд', 'прошу', 'видеонаблюдения']","['охраны', 'нач ит', 'ит отдела', 'охраны от', 'начальнику охраны', 'записка начальнику', 'прошу разрешить', 'нач охраны', 'разрешить', 'начальнику', 'отдела от', 'ит', 'номер', 'записка нач', 'автомобиля', 'прошу', 'нач', 'разрешить выезд', 'выезд', 'охраны прошу', 'видеонаблюдения', 'охраны требуется', 'отдела', 'служебная записка', 'служебная', 'записка', 'номер после', 'готовой', 'готовой продукции', 'от']","['СЛУЖЕБНАЯ ЗАПИСКА. Начальнику охраны. От зав. складом металлов. Прошу разрешить выезд автомобиля КАМАЗ (В456ВВ) после 20:00 для доставки срочного груза на объект заказчика.', 'СЛУЖЕБНАЯ ЗАПИСКА. Начальнику охраны. От нач. склада готовой продукции. Прошу разрешить выезд автомобиля ГАЗель (номер Е444КХ) после 20:00 для доставки срочного груза на железнодорожный вокзал.', 'СЛУЖЕБНАЯ ЗАПИСКА. Начальнику охраны. От нач. склада готовой продукции. Прошу разрешить выезд за территорию завода автомобиля ГАЗель (номер А100АА) после 19:00 для доставки срочного заказа.']"
10,27,10_запретить_работ_проведения_запрете,"['запретить', 'работ', 'проведения', 'запрете', 'наряда', 'оформления', 'порядке', 'без', 'допуска', 'нарушителей']","['запретить', 'работ', 'порядке проведения', 'проведения', 'запрете', 'наряда', 'приказ запрете', 'наряда допуска', 'приказ порядке', 'порядке', 'оформления', 'без', 'допуска', 'категорически запретить', 'оформления наряда', 'нарушителей', 'категорически', 'без оформления', 'сварочных работ', 'работ на', 'использования', 'сварочных', 'вне', 'запрете использования', 'огневых', 'огневых работ', 'проведения огневых', 'приказ', 'наличия', 'на высоте']","['ПРИКАЗ №1440. О порядке проведения сварочных работ на временных постах. Категорически запретить сварку вне цеха без наличия экрана, средств пожаротушения и оформления наряда-допуска.', 'ПРИКАЗ №1640. О порядке проведения огневых работ на высоте. Категорически запретить проведение сварки на высоте более 1.8 м без оформления наряда-допуска, наличия страховочного пояса и огнеупорного полотна внизу.', 'ПРИКАЗ №1840. О порядке проведения огневых работ на высоте. Категорически запретить проведение сварки на высоте более 1.8 м без оформления наряда-допуска, наличия страховочного пояса и огнеупорного полотна.']"
11,28,11_чс_го_службы_нач,"['чс', 'го', 'службы', 'нач', 'необходимости', 'сообщаю', 'замены', 'электроцеха', 'освещения', 'огнетушителей']","['чс от', 'службы го', 'го чс', 'чс', 'го', 'нач службы', 'записка нач', 'службы', 'сообщаю необходимости', 'необходимости', 'нач', 'сообщаю', 'замены', 'нач электроцеха', 'электроцеха срочно', 'электроцеха', 'освещения', 'прошу обеспечить', 'огнетушителей', 'омтс от', 'штук', 'светодиодных', 'территории', 'срочно требуется', 'от мастера', 'срочно', 'служебная', 'служебная записка', 'записка', 'нач омтс']","['СЛУЖЕБНАЯ ЗАПИСКА. Нач. службы ГО и ЧС. От мастера инструментального участка. Сообщаю о необходимости замены 5 огнетушителей ОУ-5, у которых истек срок эксплуатации. Прошу обеспечить замену до конца недели.', 'СЛУЖЕБНАЯ ЗАПИСКА. Нач. службы ГО и ЧС. От мастера участка гальваники. Сообщаю о необходимости перезарядки огнетушителей ОУ-5 в количестве 8 штук. Срок очередной проверки истекает 25.11.', 'СЛУЖЕБНАЯ ЗАПИСКА. Нач. службы ГО и ЧС. От мастера участка гальваники. Сообщаю о необходимости перезарядки огнетушителей ОУ-5 в количестве 8 штук. Срок очередной проверки истекает 25.11.']"
12,36,12_требуем_исходящее_письмо_партию,"['требуем', 'исходящее', 'письмо', 'партию', 'подшипников', 'заменить', 'металл', 'мм', 'ооо', 'поставщику']","['ооо металл', 'ооо', 'металл', 'мм', 'исходящее письмо', 'исходящее', 'письмо', 'руководителю ооо', 'требуем', 'письмо руководителю', 'руководителю', 'партию', 'уведомляем', 'поставки', 'адрес ооо', 'поставка направляем', 'мм требуем', 'претензию по', 'круга', 'претензию', 'поставка', 'акт', 'проката', 'листового проката', 'листового', 'заменить партию', 'некондиционном', 'марка мм', 'ржавого', 'ржавого листового']","[""ИСХОДЯЩЕЕ ПИСЬМО. В адрес ООО 'Металл-Поставка'. Направляем претензию по факту поставки ржавого листового проката (марка ст3, 10 мм). Требуем составить акт о некондиционном товаре и заменить партию."", ""ИСХОДЯЩЕЕ ПИСЬМО. В адрес ООО 'Металл-Поставка'. Направляем претензию по факту поставки ржавого листового проката (марка ст3, 10 мм). Требуем составить акт о некондиционном товаре и заменить партию."", ""ИСХОДЯЩЕЕ ПИСЬМО. В адрес ООО 'Металл-Поставка'. Направляем претензию по факту поставки ржавого листового проката (марка ст3, 10 мм). Требуем составить акт о некондиционном товаре и заменить партию.""]"
13,28,13_просим_возможность_масла_завода,"['просим', 'возможность', 'масла', 'завода', 'пресса', 'исходящее', 'письмо', 'п6330', 'рассмотреть', 'сроки']","['просим', 'масла', 'пресса', 'директору завода', 'исходящее письмо', 'письмо', 'исходящее', 'письмо директору', 'сроки', 'литров', 'просим рассмотреть', 'изготовления', 'литров масла', 'уплотнений', 'нашим', 'по нашим', 'завода', 'возможность изготовления', 'рассмотреть возможность', 'возможность', 'прессового', 'сталь', 'рассмотреть', 'требуется закупка', 'протечке масла', 'сообщаю протечке', 'гидросистеме', 'уплотнений литров', 'набора уплотнений', 'масла гидросистеме']","[""ИСХОДЯЩЕЕ ПИСЬМО. Директору завода 'Пресс-Маш'. Просим рассмотреть возможность изготовления запасных частей (гидроцилиндр) для пресса П6330 по нашим эскизам. Просим уточнить сроки."", 'СЛУЖЕБНАЯ ЗАПИСКА. Главному инженеру. От нач. участка гидравлики. Сообщаю о протечке масла в гидросистеме листогибочного пресса Amada. Требуется закупка набора уплотнений и 100 литров масла марки Shell Tellus.', 'СЛУЖЕБНАЯ ЗАПИСКА. Главному инженеру. От нач. участка гидравлики. Сообщаю о протечке масла в гидросистеме листогибочного пресса Amada. Требуется закупка набора уплотнений и 100 литров масла марки Shell Tellus.']"
14,23,14_пдо_из_информирую_заказа,"['пдо', 'из', 'информирую', 'заказа', 'дня', 'задержке', 'сведения', 'довожу', 'участка', 'рабочих']","['пдо от', 'из за', 'нач пдо', 'пдо', 'из', 'информирую', 'заказа', 'дня', 'рабочих дня', 'информирую задержке', 'записка нач', 'сведения что', 'задержке', 'сведения', 'довожу', 'довожу до', 'до сведения', 'участка', 'что из', 'рабочих', 'заготовок', 'литья', 'что', 'от мастера', 'валов', 'ленточнопильного', 'ленточнопильного станка', 'участка информирую', 'сдвигается', 'сдвигается на']","['СЛУЖЕБНАЯ ЗАПИСКА. Нач. ПДО. От мастера мех. участка. Информирую о задержке изготовления валов из-за неисправности ленточнопильного станка. Срок сдачи заказа сдвигается на два рабочих дня.', 'СЛУЖЕБНАЯ ЗАПИСКА. Нач. ПДО. От мастера участка сборки. Довожу до сведения, что из-за брака литья (корпус насоса) выполнение заказа №88 задерживается на 4 рабочих дня. Прошу уведомить заказчика.', 'СЛУЖЕБНАЯ ЗАПИСКА. Нач. ПДО. От мастера участка сборки. Довожу до сведения, что из-за брака литья (корпус насоса) выполнение заказа №88 задерживается на 4 рабочих дня. Прошу уведомить заказчика.']"
15,23,15_сиз_мастерам_органов_усилении,"['сиз', 'мастерам', 'органов', 'усилении', 'защитных', 'обеспечить', 'выдачи', 'средств', 'защиты', 'порядке']","['сиз', 'мастерам', 'органов', 'об усилении', 'усилении контроля', 'усилении', 'контроля за', 'обеспечить', 'защитных', 'выдачи', 'порядке выдачи', 'средств', 'за использованием', 'сиз органов', 'приказ порядке', 'порядке', 'приказ об', 'защиты', 'использованием', 'контроля', 'выдачи защитных', 'об', 'органов дыхания', 'средств защиты', 'персоналом', 'дыхания', 'респираторов', 'смен', 'приказ', 'нормам']","['ПРИКАЗ №760. Об усилении контроля за использованием СИЗ органов дыхания в литейном цехе. Мастерам смен обеспечить обязательное ношение респираторов персоналом при проведении операций выбивки опок.', 'ПРИКАЗ №1760. Об усилении контроля за использованием респираторов на участке шлифовки. Мастерам смен обеспечить обязательное ношение СИЗ органов дыхания персоналом в течение всего рабочего времени.', 'ПРИКАЗ №1160. Об усилении контроля за использованием средств защиты органов слуха на участке холодной высадки. Мастерам обеспечить обязательное ношение противошумных наушников персоналом в течение всей смены.']"
16,22,16_механику_наблюдается_главному_ремней,"['механику', 'наблюдается', 'главному', 'ремней', 'работе', 'замена', 'проскальзывание', 'станка', 'мастера', 'требуется']","['механику от', 'главному механику', 'механику', 'наблюдается', 'записка главному', 'главному', 'от мастера', 'требуется замена', 'ремней', 'работе', 'замена', 'наблюдается проскальзывание', 'мастера цеха', 'проскальзывание', 'мастера', 'станка', 'от механика', 'требуется', 'цеха сообщаю', 'цеха', 'ремней на', 'сообщаю', 'инв', 'механика цеха', 'при работе', 'цеха требуется', 'замена клиновых', 'клиновых', 'клиновых ремней', 'механика']","['СЛУЖЕБНАЯ ЗАПИСКА. Главному механику. От механика цеха №5. Требуется замена клиновых ремней на компрессорной установке №2. Наблюдается проскальзывание и потеря производительности. Текущий остаток ремней на складе отсутствует.', 'СЛУЖЕБНАЯ ЗАПИСКА. Главному механику. От механика цеха №5. Требуется замена клиновых ремней на компрессорной установке №2. Наблюдается проскальзывание и потеря производительности. На складе ремни отсутствуют.', 'СЛУЖЕБНАЯ ЗАПИСКА. Главному механику. От механика цеха №5. Требуется замена клиновых ремней на компрессорной установке №2. Наблюдается проскальзывание и потеря производительности системы.']"
17,21,17_взыскании_дисциплинарном_объявить_нарушение,"['взыскании', 'дисциплинарном', 'объявить', 'нарушение', 'за', 'правил', 'петрову', 'замечание', 'работу', 'выговор']","['взыскании за', 'приказ дисциплинарном', 'дисциплинарном взыскании', 'дисциплинарном', 'взыскании', 'объявить', 'за нарушение', 'нарушение', 'за', 'нарушение правил', 'за работу', 'правил', 'петрову', 'замечание', 'объявить замечание', 'работу', 'выговор', 'премии', 'премии за', 'без', 'текущий месяц', 'за текущий', 'месяц', 'месяц приказ', 'объявить выговор', 'работу на', 'станке', 'труда за', 'лишить премии', 'лишить']","['ПРИКАЗ №1895. О дисциплинарном взыскании за нарушение правил охраны труда. За работу на сверлильном станке в перчатках, объявить замечание оператору Петрову И.И. и лишить премии за текущий месяц.', 'ПРИКАЗ №2095. О дисциплинарном взыскании за нарушение правил охраны труда. За работу на сверлильном станке в перчатках, объявить замечание оператору Петрову И.И. и лишить премии за текущий месяц.', 'ПРИКАЗ №1695. О дисциплинарном взыскании за нарушение правил охраны труда. За работу на сверлильном станке в перчатках, объявить замечание оператору Петрову И.И. и лишить премии за текущий месяц.']"
18,22,18_инструктажа_всем_правилам_пройти,"['инструктажа', 'всем', 'правилам', 'пройти', 'проверку', 'внепланового', 'проведении', 'работы', 'знаний', 'связи']","['инструктажа по', 'инструктажа', 'всем', 'правилам', 'по правилам', 'правилам работы', 'пройти', 'проверку', 'внепланового инструктажа', 'приказ проведении', 'проведении внепланового', 'внепланового', 'работы', 'проведении', 'до приказ', 'пройти проверку', 'проверку знаний', 'знаний', 'связи', 'до', 'провести проверку', 'всем сотрудникам', 'электроинструментом', 'мастерам провести', 'ушм', 'цехе всем', 'приказ', 'цехе', 'всем мастерам', 'эксплуатации']","['ПРИКАЗ №910. О проведении внепланового инструктажа по правилам работы на высоте. В связи с началом работ по ремонту кровли производственного корпуса, всем сотрудникам строительного участка пройти проверку знаний и получить наряды-допуска.', 'ПРИКАЗ №1810. О проведении внепланового инструктажа по правилам работы с переносным электроинструментом. В связи с зафиксированным случаем работы без защитных кожухов на УШМ, всем мастерам провести проверку наличия защиты до 18.11.', 'ПРИКАЗ №1410. О проведении внепланового инструктажа по правилам работы на высоте. В связи с началом ремонта кровли, всем сотрудникам строительного участка пройти проверку знаний и получить наряды-допуска.']"
19,21,19_спецодежды_выдачи_порядке_выдачу,"['спецодежды', 'выдачи', 'порядке', 'выдачу', 'сотрудникам', 'зимней', 'выдать', 'начать', 'утепленных', 'неотапливаемых']","['спецодежды', 'порядке выдачи', 'выдачи', 'приказ порядке', 'порядке', 'выдачу', 'сотрудникам', 'выдачи зимней', 'зимней спецодежды', 'зимней', 'спецодежды сотрудникам', 'начать выдачу', 'выдать', 'начать', 'утепленных', 'выдачу утепленных', 'неотапливаемых', 'выдачи спецодежды', 'возложить на', 'возложить', 'выдать комплекты', 'согласно', 'комплекты', 'приказ', 'нормам', 'контроль', 'спецодежды для', 'теплых', 'жилетов', 'утепленных курток']","['ПРИКАЗ №1585. О порядке выдачи зимней спецодежды сотрудникам заготовительного участка. Начать выдачу утепленных костюмов и обуви с 01.11. Контроль за получением возложить на мастера участка.', 'ПРИКАЗ №1485. О порядке выдачи зимней спецодежды. С 15.11 начать выдачу утепленных курток сотрудникам, работающим на открытых площадках и неотапливаемых складах.', 'ПРИКАЗ №985. О порядке выдачи зимней спецодежды. С 15.11 начать выдачу утепленных курток и брюк сотрудникам, работающим на открытых площадках и неотапливаемых складах, согласно ведомости.']"
20,42,20_комиссии_состояния_проверке_создании,"['комиссии', 'состояния', 'проверке', 'создании', 'путей', 'подкрановых', 'провести', 'по', 'приказ', 'балок']","['создании комиссии', 'состояния', 'комиссии по', 'приказ создании', 'создании', 'комиссии', 'балок', 'проверке состояния', 'по проверке', 'проверке', 'провести', 'состояния подкрановых', 'подкрановых', 'до', 'провести визуальный', 'осмотр', 'визуальный', 'предмет', 'на предмет', 'фундаментов', 'подкрановых балок', 'фундаментов под', 'визуальный осмотр', 'балок цехе', 'приказ', 'всех', 'по', 'цехе', 'замеры сопротивления', 'заземления во']","['ПРИКАЗ №1401. О создании комиссии по проверке состояния подкрановых путей в цехе №5. В связи с плановым осмотром Ростехнадзора, ПРИКАЗЫВАЮ: 1. Провести нивелировку путей до 15.11. 2. Главному механику подготовить паспорта на все ГПМ пролета.', 'ПРИКАЗ №2050. О создании комиссии по проверке состояния подкрановых балок в цехе №3. Провести визуальный осмотр узлов крепления рельсов к балкам на предмет ослабления болтовых соединений. Срок исполнения — 25.12.', 'ПРИКАЗ №1050. О создании комиссии по проверке состояния подкрановых балок в цехе №1. Провести визуальный осмотр и ультразвуковой контроль сварных швов балок на предмет выявления усталостных трещин. Срок — до 30.11.']"
21,26,21_утвердить_об_дежурства_сантехников,"['утвердить', 'об', 'дежурства', 'сантехников', 'итр', 'дни', 'график', 'организации', 'дежурств', 'выходные']","['приказ об', 'утвердить', 'утвердить график', 'об', 'организации дежурства', 'дежурства', 'об организации', 'сантехников', 'график', 'дни', 'организации', 'выходные дни', 'дежурств', 'график дежурств', 'выходные', 'дни утвердить', 'период', 'службы эксплуатации', 'системе отопления', 'сантехников выходные', 'отопления ответственный', 'список сотрудников', 'утвердить список', 'на ноябрь', 'ноябрь для', 'начальник службы', 'эксплуатации приказ', 'ноябрь', 'приказ', 'отопления']","['ПРИКАЗ №1265. Об организации дежурства сантехников в выходные дни. Утвердить график на ноябрь для предотвращения аварийных ситуаций в системе отопления. Ответственный — начальник службы эксплуатации.', 'ПРИКАЗ №1865. Об организации дежурства слесарей-сантехников в выходные дни. Утвердить график дежурств на ноябрь для оперативного устранения возможных порывов в системе отопления. Ответственный — нач. службы эксплуатации.', 'ПРИКАЗ №1665. Об организации дежурства слесарей-сантехников в выходные дни. Утвердить график дежурств на ноябрь для оперативного устранения возможных порывов в системе отопления. Ответственный — начальник службы эксплуатации.']"
22,19,22_качеству_необходимости_сообщаю_метрологической,"['качеству', 'необходимости', 'сообщаю', 'метрологической', 'закупки', 'отк', 'поверки', 'директору', 'износ', 'имеет']","['качеству от', 'по качеству', 'качеству', 'необходимости', 'сообщаю необходимости', 'записка директору', 'директору по', 'сообщаю', 'метрологической службы', 'метрологической', 'нач метрологической', 'необходимости закупки', 'директору', 'закупки', 'отк', 'нач отк', 'поверки', 'службы сообщаю', 'износ', 'имеет', 'от нач', 'набора', 'отк сообщаю', 'образцов', 'служебная записка', 'служебная', 'записка', 'службы', 'набор', 'по']","['СЛУЖЕБНАЯ ЗАПИСКА. Директору по качеству. От нач. метрологической службы. Сообщаю о необходимости плановой поверки 15 манометров высокого давления, установленных на гидростанциях прессов. Срок поверки истекает 01.12. Прошу согласовать счет ЦСМ.', ""СЛУЖЕБНАЯ ЗАПИСКА. Директору по качеству. От нач. метрологической службы. Сообщаю о необходимости закупки стандартных образцов для настройки ультразвукового дефектоскопа 'Пеленг'. Текущие образцы имеют недопустимый износ."", ""СЛУЖЕБНАЯ ЗАПИСКА. Директору по качеству. От нач. метрологической службы. Сообщаю о необходимости закупки стандартных образцов для настройки ультразвукового дефектоскопа 'Пеленг'. Текущие образцы имеют недопустимый износ рабочих поверхностей.""]"
23,22,23_внедрении_только_системы_производить,"['внедрении', 'только', 'системы', 'производить', 'выдачу', '01', 'начиная', 'тмц', 'данных', 'учета']","['внедрении', 'приказ внедрении', 'только', 'системы', 'производить только', 'производить', 'выдачу', 'начиная', 'системы контроля', 'учета', 'только при', 'данных', 'контроля', 'контроля доступа', 'эксплуатацию системы', 'введении эксплуатацию', 'внедрении системы', 'тмц', 'системы учета', 'начиная выдачу', 'внедрении электронной', 'электронной системы', 'доступа', 'только по', 'электронной', 'по электронным', 'электронным', 'сотрудника', 'доступа на', 'эксплуатацию']","['ПРИКАЗ №1875. О введении в эксплуатацию системы контроля доступа на склад ТМЦ. Выдачу материалов производить только по электронным пропускам. Назначить ответственным за базу данных начальника службы безопасности.', 'ПРИКАЗ №875. О введении в эксплуатацию системы контроля доступа на склад ТМЦ. Выдачу ТМЦ производить только по электронным пропускам. Назначить ответственным за базу данных начальника службы безопасности.', 'ПРИКАЗ №1275. О введении в эксплуатацию системы контроля доступа на склад ТМЦ. Выдачу ТМЦ производить только по электронным пропускам. Назначить ответственным за базу данных начальника службы безопасности.']"
24,19,24_маркетинга_отдел_продаж_новой,"['маркетинга', 'отдел', 'продаж', 'новой', 'отдела', 'подготовить', 'для', 'презентационные', 'линейке', 'материалы']","['маркетинга', 'маркетинга от', 'отдел маркетинга', 'записка отдел', 'отдел', 'нач отдела', 'отдела продаж', 'продаж прошу', 'продаж', 'отдела', 'прошу подготовить', 'новой', 'подготовить', 'для', 'от нач', 'по новой', 'презентационные', 'презентационные материалы', 'подготовить презентационные', 'для размещения', 'линейке', 'новой линейке', 'прошу', 'завода', 'материалы', 'размещения', 'завода служебная', 'служебная', 'служебная записка', 'записка']","['СЛУЖЕБНАЯ ЗАПИСКА. В отдел маркетинга. От нач. отдела продаж. Прошу организовать профессиональную фотосъемку новой линейки токарных станков для размещения на официальном сайте и в соцсетях завода.', 'СЛУЖЕБНАЯ ЗАПИСКА. В отдел маркетинга. От нач. отдела продаж. Прошу подготовить презентационные материалы по новой линейке центробежных насосов для потенциального заказчика. Требуется перевод характеристик на английский язык.', 'СЛУЖЕБНАЯ ЗАПИСКА. В отдел маркетинга. От нач. отдела продаж. Прошу подготовить презентационные материалы по новой линейке центробежных насосов для потенциального заказчика. Требуется перевод на английский язык.']"
25,18,25_адрес_страховой_направляем_компании,"['адрес', 'страховой', 'направляем', 'компании', 'факту', 'результате', 'тк', 'исходящее', 'письмо', 'претензию']","['письмо адрес', 'адрес', 'направляем', 'адрес страховой', 'страховой', 'компании', 'страховой компании', 'факту', 'по факту', 'результате', 'адрес тк', 'тк', 'исходящее', 'исходящее письмо', 'письмо', 'направляем претензию', 'факту повреждения', 'претензию по', 'претензию', 'требуем', 'просим', 'повреждения', 'ущерба', 'документов по', 'направляем пакет', 'пакет документов', 'пакет', 'компенсировать', 'для оценки', 'оценки']","[""ИСХОДЯЩЕЕ ПИСЬМО. В адрес ТК 'Авто-Лидер'. Направляем претензию по факту порчи упаковки высокоточного станка при транспортировке. Требуем составить акт осмотра и компенсировать затраты на диагностику."", ""ИСХОДЯЩЕЕ ПИСЬМО. В адрес страховой компании 'Макс'. Направляем пакет документов по факту повреждения кровли склада готовой продукции в результате падения дерева. Просим назначить экспертизу для оценки стоимости ремонта."", ""ИСХОДЯЩЕЕ ПИСЬМО. В адрес страховой компании 'Макс'. Направляем пакет документов по факту повреждения кровли склада готовой продукции в результате падения дерева. Просим назначить экспертизу для оценки ущерба.""]"
26,20,26_администрацию_города_исходящее_письмо,"['администрацию', 'города', 'исходящее', 'письмо', 'района', 'согласовать', 'просим', 'ремонту', 'работ', 'ул']","['администрацию', 'письмо администрацию', 'города', 'просим согласовать', 'работ по', 'администрацию города', 'письмо', 'исходящее письмо', 'исходящее', 'района', 'района просим', 'согласовать', 'просим', 'по ремонту', 'ремонту', 'работ', 'уведомляем проведении', 'города уведомляем', 'города просим', 'ул', 'территории', 'уведомляем', 'администрацию района', 'фасада', 'временную схему', 'временную', 'гибдд района', 'согласовать временную', 'согласовать проведение', 'вдоль']","['ИСХОДЯЩЕЕ ПИСЬМО. В администрацию города. Уведомляем о проведении плановых работ по ремонту заводских железнодорожных путей, пересекающих проезжую часть по ул. Промышленная, 24.11 с 09:00 до 17:00.', 'ИСХОДЯЩЕЕ ПИСЬМО. В администрацию города. Уведомляем о проведении плановых работ по ремонту заводских ЖД путей на пересечении с ул. Промышленная 24.11 с 09:00 до 17:00.', 'ИСХОДЯЩЕЕ ПИСЬМО. В администрацию района. Просим согласовать временное сужение проезжей части по ул. Заводская в связи с проведением работ по ремонту кабельной линии электропередач 25.11.']"
27,25,27_возложить_действие_сбора_введении,"['возложить', 'действие', 'сбора', 'введении', 'ответственность', 'утвердить', 'приказ', 'цехов', 'регламента', 'станков']","['возложить на', 'возложить', 'сбора', 'действие', 'приказ введении', 'введении', 'введении действие', 'ответственность', 'ответственность за', 'на мастеров', 'станков', 'мастеров', 'по обращению', 'обращению', 'утвердить', 'действие регламента', 'регламента', 'масла', 'действие инструкции', 'ветоши', 'инструкции по', 'инструкции', 'приказ', 'за', 'утвердить порядок', 'тары возложить', 'порядок', 'цехов приказ', 'за наличие', 'тары']","['ПРИКАЗ №310. О вводе в действие инструкции по обращению с отходами. Утвердить регламент сбора и хранения отработанного масла и ветоши. Ответственность за наличие промаркированной тары возложить на мастеров участков.', 'ПРИКАЗ №915. О введении в действие инструкции по обращению с отработанными маслами. Утвердить порядок сбора, хранения и передачи на регенерацию индустриальных масел. Ответственность за наличие чистой тары возложить на мастеров цехов.', 'ПРИКАЗ №1415. О введении в действие инструкции по обращению с отработанными маслами. Утвердить порядок сбора и передачи на регенерацию масел. Ответственность за наличие тары возложить на мастеров цехов.']"
28,16,28_технологу_обработки_предлагаю_главному,"['технологу', 'обработки', 'предлагаю', 'главному', 'стали', 'твердосплавных', 'инструментального', 'марки', 'это', 'цеха']","['технологу от', 'главному технологу', 'технологу', 'обработки', 'для обработки', 'записка главному', 'цеха предлагаю', 'главному', 'нач инструментального', 'предлагаю', 'стали', 'инструментального', 'твердосплавных', 'марки', 'нач мех', 'мех цеха', 'цеха', 'от нач', 'это', 'для', 'требуется закупка', 'закупка', 'требуется', 'мех', 'чпу', 'инструментального цеха', 'раза служебная', 'раза', 'пластин марки', 'позволит']","['СЛУЖЕБНАЯ ЗАПИСКА. Главному технологу. От нач. мех. цеха. Для обработки крупногабаритных фланцев из нержавеющей стали требуется закупка специализированного инструмента марки Sandvik. Прошу согласовать заявку.', 'СЛУЖЕБНАЯ ЗАПИСКА. Главному технологу. От нач. инструментального цеха. Предлагаю закупить набор твердосплавных фрез для обработки закаленной стали. Это позволит сократить время обработки матриц на 20%.', 'СЛУЖЕБНАЯ ЗАПИСКА. Главному технологу. От нач. мех. цеха. Для обработки фланцев из нержавеющей стали требуется закупка инструмента марки Sandvik. Прошу согласовать заявку.']"
29,19,29_конструктору_главному_выявлено_прошу,"['конструктору', 'главному', 'выявлено', 'прошу', 'производства', 'сборки', 'изделия', 'изменения', 'при', 'чертеж']","['конструктору от', 'главному конструктору', 'конструктору', 'выявлено', 'записка главному', 'главному', 'нач производства', 'при', 'изменения', 'чертеж', 'производства', 'при сборке', 'рамы', 'эскизу служебная', 'эскизу', 'неудобство', 'сборке', 'прошу', 'прошу внести', 'внести', 'сборки', 'от нач', 'возможность изменения', 'конструкции', 'изменения конструкции', 'выявлено неудобство', 'производства при', 'кд', 'основания', 'рассмотреть возможность']","['СЛУЖЕБНАЯ ЗАПИСКА. Главному конструктору. От нач. производства. При сборке опытного образца насоса НП-100 выявлено несовпадение отверстий на раме и корпусе. Прошу внести корректировки в КД (чертеж -СБ).', 'СЛУЖЕБНАЯ ЗАПИСКА. Главному конструктору. От нач. производства. В ходе сборки рамы основания выявлено неудобство доступа к регулировочным болтам опор. Прошу рассмотреть возможность изменения конструкции согласно эскизу.', 'СЛУЖЕБНАЯ ЗАПИСКА. Главному конструктору. От нач. производства. В ходе сборки рамы основания выявлено неудобство доступа к регулировочным болтам опор. Прошу рассмотреть возможность изменения конструкции согласно приложенному эскизу.']"
30,14,30_отгрузке_подать_сообщаем_готовности,"['отгрузке', 'подать', 'сообщаем', 'готовности', 'тонн', 'ао', 'весовой', 'стальной', 'просим', '00']","['готовности', 'просим подать', 'готовности отгрузке', 'сообщаем', 'подать', 'отгрузке', 'директору ао', 'сообщаем готовности', 'тонн', 'письмо директору', 'отгрузке тонн', 'ао', 'просим', 'стальной стружки', 'стальной', 'весовой', 'тонн стальной', 'письмо', 'исходящее', 'исходящее письмо', 'стружки', 'транспорт', 'вторчермет', 'подать транспорт', 'ломовоз', 'стружки просим', 'транспорт под', 'втормет', 'категория', 'ао вторчермет']","[""ИСХОДЯЩЕЕ ПИСЬМО. Директору АО 'ВторЧерМет'. Сообщаем о готовности к отгрузке 20 тонн стальной стружки (категория 16А). Просим подать транспорт под погрузку 25.11 к 09:00 к весовой платформе."", ""ИСХОДЯЩЕЕ ПИСЬМО. Директору АО 'ВторМет'. Сообщаем о готовности к отгрузке 15 тонн стальной стружки. Просим подать транспорт под погрузку 27.11 к 10:00 к центральной весовой."", ""ИСХОДЯЩЕЕ ПИСЬМО. Директору АО 'ВторМет'. Сообщаем о готовности к отгрузке 15 тонн стальной стружки. Просим подать транспорт под погрузку 27.11 к 10:00 к центральной весовой.""]"
31,16,31_приказываю_комиссии_проверке_до,"['приказываю', 'комиссии', 'проверке', 'до', 'систем', 'готовности', 'создании', '11', 'провести', 'пожаротушения']","['приказываю', 'по проверке', 'комиссии по', 'до главному', 'комиссии', 'проверке', 'приказываю провести', 'готовности', 'приказ создании', 'создании', 'проверке готовности', 'создании комиссии', 'систем', 'до', 'приказываю проверить', 'провести', 'пожаротушения', 'проверить', 'главному инженеру', 'до приказ', 'главному', 'инженеру', 'приказ', 'приказ назначении', 'назначении', 'назначении комиссии', 'осмотр', 'дренажных систем', 'дренажных', 'пожаротушения архиве']","['ПРИКАЗ №801. О назначении комиссии по проверке состояния систем пожаротушения в архиве предприятия. ПРИКАЗЫВАЮ: 1. Проверить работоспособность модулей порошкового пожаротушения. 2. Срок предоставления акта — 18.11.', 'ПРИКАЗ №1901. О создании комиссии по проверке готовности дренажных систем к весеннему паводку. ПРИКАЗЫВАЮ: 1. Провести очистку ливневых стоков на территории завода до 15.11. 2. Главному инженеру обеспечить закупку погружных насосов для откачки воды.', 'ПРИКАЗ №1201. О создании комиссии по проверке состояния систем пожаротушения в архиве предприятия. ПРИКАЗЫВАЮ: 1. Проверить работоспособность модулей порошкового пожаротушения. 2. Срок предоставления акта — .']"
32,13,32_лестниц_изъять_стремянок_инвентарь,"['лестниц', 'изъять', 'стремянок', 'инвентарь', 'состояния', 'проверке', 'комиссии', 'назначении', 'неисправный', 'утилизировать']","['лестниц', 'назначении комиссии', 'изъять', 'проверке состояния', 'стремянок', 'лестниц стремянок', 'состояния лестниц', 'инвентарь', 'состояния', 'комиссии по', 'проверке', 'комиссии', 'приказ назначении', 'назначении', 'по проверке', 'неисправный инвентарь', 'неисправный', 'утилизировать', 'испытания', 'утилизировать приказ', 'провести испытания', 'статическим', 'стремянок провести', 'переносного лестничного', 'статическим грузом', 'грузом', 'испытания переносного', 'инвентарь изъять', 'лестничного', 'лестничного оборудования']","['ПРИКАЗ №1490. О назначении комиссии по проверке состояния лестниц. Провести испытания переносного лестничного оборудования. Неисправный инвентарь изъять и утилизировать.', 'ПРИКАЗ №2080. О назначении комиссии по проверке состояния лестниц и стремянок. Провести плановые испытания переносного лестничного оборудования статическим грузом. Неисправный инвентарь изъять и утилизировать.', 'ПРИКАЗ №990. О назначении комиссии по проверке состояния лестниц и стремянок. Провести испытания переносного лестничного оборудования статическим грузом. Неисправный инвентарь изъять и утилизировать.']"
33,22,33_исходящее_письмо_заявку_контрольно,"['исходящее', 'письмо', 'заявку', 'контрольно', 'спецтехсервис', 'измерительных', 'направляем', 'ооо', 'приборов', 'проведение']","['спецтехсервис', 'контрольно', 'контрольно измерительных', 'измерительных', 'измерительных приборов', 'спецтехсервис направляем', 'ооо спецтехсервис', 'на проведение', 'направляем заявку', 'заявку на', 'заявку', 'ооо', 'приборов', 'письмо', 'исходящее письмо', 'исходящее', 'направляем', 'перечню исходящее', 'приборов манометры', 'поверки контрольно', 'перечню', 'манометры', 'проведение', 'директору ооо', 'согласно', 'поверки', 'периодическую поверку', 'прилагаемому', 'проведение периодической', 'на периодическую']","[""ИСХОДЯЩЕЕ ПИСЬМО. Директору ООО 'СпецТехСервис'. Направляем заявку на периодическую поверку контрольно-измерительных приборов (манометры, термометры) согласно приложенному перечню."", ""ИСХОДЯЩЕЕ ПИСЬМО. Директору ООО 'СпецТехСервис'. Направляем заявку на проведение периодической поверки контрольно-измерительных приборов (микрометры, штангенциркули) согласно прилагаемому перечню."", ""ИСХОДЯЩЕЕ ПИСЬМО. Директору ООО 'СпецТехСервис'. Направляем заявку на проведение периодической поверки контрольно-измерительных приборов (микрометры, штангенциркули) согласно прилагаемому перечню.""]"
34,12,34_перевозки_маршруту_груза_расчет,"['перевозки', 'маршруту', 'груза', 'расчет', 'стоимости', 'предоставить', 'негабаритного', 'просим', 'логистик', 'длина']","['перевозки', 'по маршруту', 'маршруту', 'директору ооо', 'предоставить расчет', 'расчет стоимости', 'груза', 'расчет', 'просим предоставить', 'стоимости', 'предоставить', 'просим', 'письмо директору', 'негабаритного груза', 'стоимости перевозки', 'маршруту завод', 'негабаритного', 'тонн', 'длина', 'логистик', 'завод', 'исходящее письмо', 'исходящее', 'письмо', 'ооо транс', 'транс', 'ооо', 'гибдд', 'руководителю гибдд', 'пользования схема']","[""ИСХОДЯЩЕЕ ПИСЬМО. Директору ООО 'Транс-Авто'. Просим предоставить расчет стоимости перевозки груза (масса 10 тонн, габариты 5х3х2.5 м) по маршруту Екатеринбург — Новосибирск в декабре."", ""ИСХОДЯЩЕЕ ПИСЬМО. Директору ООО 'Логистик-Групп'. Просим предоставить расчет стоимости перевозки негабаритной колонны (длина 15 м, вес 12 т) по маршруту завод — порт г. Новороссийск."", ""ИСХОДЯЩЕЕ ПИСЬМО. Директору ООО 'Логистик-Групп'. Просим предоставить расчет стоимости перевозки негабаритной колонны (длина 15 м, вес 12 т) по маршруту завод — порт Новороссийск.""]"
35,12,35_согласования_крупногабаритных_приема_схемы,"['согласования', 'крупногабаритных', 'приема', 'схемы', 'график', 'уточнить', 'грузов', 'порт', 'чертежи', 'декабре']","['для согласования', 'согласования', 'крупногабаритных', 'график', 'график приема', 'грузов декабре', 'порт просим', 'ао порт', 'уточнить график', 'согласования схемы', 'приема', 'схемы', 'уточнить', 'просим уточнить', 'грузов', 'чертежи', 'порт', 'ао', 'логистики ао', 'крупногабаритных грузов', 'схемы погрузки', 'приема крупногабаритных', 'декабре направляем', 'декабре', 'руководителю службы', 'логистики', 'службы логистики', 'погрузки', 'просим', 'изделий для']","[""ИСХОДЯЩЕЕ ПИСЬМО. Руководителю службы логистики АО 'Порт'. Просим уточнить график приема крупногабаритных грузов в декабре. Направляем габаритные чертежи изделий для согласования схемы погрузки."", ""ИСХОДЯЩЕЕ ПИСЬМО. Руководителю службы логистики АО 'Порт'. Просим уточнить график приема крупногабаритных грузов в декабре. Направляем габаритные чертежи изделий для согласования схемы погрузки."", ""ИСХОДЯЩЕЕ ПИСЬМО. Руководителю службы логистики АО 'Порт'. Просим уточнить график приема крупногабаритных грузов в декабре. Направляем габаритные чертежи изделий для согласования схемы погрузки.""]"
36,11,36_тренировки_00_провести_действиям,"['тренировки', '00', 'провести', 'действиям', '11', 'проведении', 'при', 'персонала', 'эвакуацию', 'отработку']","['тренировки', 'проведении тренировки', 'тренировки по', 'провести', 'приказ проведении', 'проведении', 'при', 'по действиям', 'действиям', 'персонала', 'эвакуацию', 'отработку', 'действиям при', 'системы оповещения', 'действий', 'оповещения', 'эвакуации', 'практическое', 'при пожаре', 'практическое занятие', 'провести эвакуацию', 'эвакуации при', 'отработку действий', 'провести практическое', 'проверку системы', 'пожаре', 'занятие', 'занятие на', 'действий персонала', 'административного']","['ПРИКАЗ №765. О проведении тренировки по действиям при разливе химикатов. 18.11 в 14:00 провести практическое занятие на участке гальваники. Отработать навыки использования сорбентов и нейтрализаторов.', 'ПРИКАЗ №1965. О проведении тренировки по действиям при пожаре в административном здании. 28.11 в 10:00 провести эвакуацию персонала. Ответственным за координацию действий назначить начальника охраны завода.', 'ПРИКАЗ №1465. О проведении тренировочной эвакуации при пожаре. 22.11 в 11:00 провести проверку системы оповещения и отработку действий персонала административного корпуса.']"
37,10,37_группы_рабочей_руководителем_цель,"['группы', 'рабочей', 'руководителем', 'цель', 'бережливого', 'создании', 'внедрению', '5s', 'производства', 'назначить']","['группы', 'группы по', 'рабочей группы', 'создании рабочей', 'рабочей', 'приказ создании', 'создании', 'руководителем', 'цель', 'бережливого производства', 'бережливого', 'по внедрению', 'внедрению', 'назначить руководителем', 'руководителем группы', 'назначить', 'производства', 'директора', 'директора по', 'системы', 'ответственными нач', 'организовать маркировку', 'программиста цель', 'токарей', 'ответственными', 'внедрению бережливого', 'внедрению системы', 'зам директора', 'маркировку', 'маркировку мест']","['ПРИКАЗ №780. О создании рабочей группы по внедрению системы 5S на складе ТМЦ. Назначить руководителем группы нач. склада. Цель — сокращение времени на поиск и выдачу комплектующих.', 'ПРИКАЗ №185. О создании рабочей группы по внедрению бережливого производства. Включить в группу начальников цехов №1, 3, 5. Руководителем группы назначить зам. директора по развитию.', 'ПРИКАЗ №1180. О создании рабочей группы по внедрению бережливого производства (Kaizen). Назначить руководителем группы зам. директора по развитию. Цель — выявление и устранение потерь на сборочном участке.']"
